<?xml version="1.0" encoding="utf-8"?>
<doctrine-mapping xmlns="http://doctrine-project.org/schemas/orm/doctrine-mapping" xmlns:xsi="http://www.w3.org/2001/XMLSchema-instance" xsi:schemaLocation="http://doctrine-project.org/schemas/orm/doctrine-mapping http://doctrine-project.org/schemas/orm/doctrine-mapping.xsd">
  <entity name="AppBundle\Entity\DemandanteParticular" table="demandanteParticular">
    <id name="id" type="integer" column="idDemandanteParticular">
      <generator strategy="IDENTITY"/>
    </id>
    <field name="apellidos" type="string" column="apellidos" length="70" nullable="false">
      <options>
        <option name="fixed"/>
      </options>
    </field>
     <field name="nombres" type="string" column="nombres" length="70" nullable="false">
      <options>
        <option name="fixed"/>
      </options>
    </field>
     <field name="documento" type="string" column="documento" length="8" nullable="true">
      <options>
        <option name="fixed"/>
      </options>
    </field>
  </entity>
</doctrine-mapping>
	