<?xml version="1.0" encoding="utf-8"?>
<doctrine-mapping xmlns="http://doctrine-project.org/schemas/orm/doctrine-mapping" xmlns:xsi="http://www.w3.org/2001/XMLSchema-instance" xsi:schemaLocation="http://doctrine-project.org/schemas/orm/doctrine-mapping http://doctrine-project.org/schemas/orm/doctrine-mapping.xsd">
  <entity name="AppBundle\Entity\MenuItem" table="menuItem">
  	<indexes>
  		<index columns="idMenu" name="menuItem_menu_idx"></index>
  	</indexes>
    <id name="id" type="smallint" column="idMenuItem">
      <generator strategy="IDENTITY"/>
    </id>
    <field name="menuItem" type="string" column="menuItem" length="50" nullable="false">
      <options>
        <option name="fixed"/>
      </options>
    </field>
    <field name="abreviacion" type="string" column="abreviacion" length="70" nullable="false">
      <options>
        <option name="fixed"/>
      </options>
    </field>
    <many-to-one field="menu" target-entity="Menu" inversed-by="items">
    	<join-columns>
    		<join-column name="idMenu" referenced-column-name="idMenu"/>
    	</join-columns>
    </many-to-one>
  </entity>
</doctrine-mapping>
