<?xml version="1.0" encoding="utf-8"?>
<doctrine-mapping xmlns="http://doctrine-project.org/schemas/orm/doctrine-mapping" xmlns:xsi="http://www.w3.org/2001/XMLSchema-instance" xsi:schemaLocation="http://doctrine-project.org/schemas/orm/doctrine-mapping http://doctrine-project.org/schemas/orm/doctrine-mapping.xsd">
  <entity name="AppBundle\Entity\PerfilExpedienteVoto" table="perfilExpedienteVoto">
    <indexes>
      <index name="perfilExpedienteVoto_perfil_idx" columns="idPerfil"/>
      <index name="perfilExpedienteVoto_expediente_idx" columns="idExpediente"/>
      <index name="perfilExpedienteVoto_tipoVoto_idx" columns="idTipoVoto"/>
    </indexes>
    <id name="id" type="integer" column="idPerfilExpedienteVoto">
      <generator strategy="IDENTITY"/>
    </id>
    <many-to-one field="perfil" target-entity="Perfil" fetch="LAZY">
      <join-columns>
        <join-column name="idPerfil" referenced-column-name="idPerfil"/>
      </join-columns>
    </many-to-one>
    <many-to-one field="expediente" target-entity="Expediente" fetch="LAZY">
      <join-columns>
        <join-column name="idExpediente" referenced-column-name="idExpediente"/>
      </join-columns>
    </many-to-one>
    <many-to-one field="tipoVoto" target-entity="TipoVoto" fetch="LAZY">
      <join-columns>
        <join-column name="idTipoVoto" referenced-column-name="idTipoVoto"/>
      </join-columns>
    </many-to-one>
  </entity>
</doctrine-mapping>
