<?xml version="1.0" encoding="utf-8"?>
<doctrine-mapping xmlns="http://doctrine-project.org/schemas/orm/doctrine-mapping" xmlns:xsi="http://www.w3.org/2001/XMLSchema-instance" xsi:schemaLocation="http://doctrine-project.org/schemas/orm/doctrine-mapping http://doctrine-project.org/schemas/orm/doctrine-mapping.xsd">
  <entity name="AppBundle\Entity\ResolucionRevisionConSancion">
    <field name="numeroSancion" type="string" column="numeroSancion">
    </field>
    <one-to-one field="revisionProyecto" target-entity="ProyectoRevision">
    	<join-column name="idProyectoRevision" referenced-column-name="idProyectoRevision"/>
    </one-to-one>
    <one-to-one field="notificacion" target-entity="Notificacion">
    	<join-column name="idNotificacion" referenced-column-name="idMovimiento"/>
    </one-to-one>
    
  </entity>  
</doctrine-mapping>
