<?xml version="1.0" encoding="utf-8"?>
<doctrine-mapping xmlns="http://doctrine-project.org/schemas/orm/doctrine-mapping" xmlns:xsi="http://www.w3.org/2001/XMLSchema-instance" xsi:schemaLocation="http://doctrine-project.org/schemas/orm/doctrine-mapping http://doctrine-project.org/schemas/orm/doctrine-mapping.xsd">
  <entity name="AppBundle\Entity\Resolucion" table="resolucion" inheritance-type="SINGLE_TABLE">
    <indexes>
      <index name="resolucionn_proyectoRevision_idx" columns="idProyectoRevision"/>
      <index name="resolucion_tipoResolucion_idx" columns="idTipoResolucion"/>
      <index name="resolucion_notificacion_idx" columns="idNotificacion"/>
    </indexes>
    <discriminator-column name="discriminador" type="string" length="15"/>
    <discriminator-map>
        <discriminator-mapping value="basica" class="AppBundle\Entity\ResolucionBasicaSinSancion" />
        <discriminator-mapping value="articulada" class="AppBundle\Entity\ResolucionArticuladaConSancion" />
        <discriminator-mapping value="revision" class="AppBundle\Entity\ResolucionRevisionConSancion" />
    </discriminator-map>
    <id name="id" type="integer" column="idResolucion">
      <generator strategy="IDENTITY"/>
    </id>
    <field name="usuarioCreacion" type="string" column="usuarioCreacion" length="70" nullable="false">
    </field>
    <field name="fechaCreacion" type="datetime" column="fechaCreacion" nullable="false">
      <options>
        <option name="default">CURRENT_TIMESTAMP</option>
      </options>
    </field> 
  </entity>  
</doctrine-mapping>
