<?xml version="1.0" encoding="utf-8"?>
<doctrine-mapping xmlns="http://doctrine-project.org/schemas/orm/doctrine-mapping" xmlns:xsi="http://www.w3.org/2001/XMLSchema-instance" xsi:schemaLocation="http://doctrine-project.org/schemas/orm/doctrine-mapping http://doctrine-project.org/schemas/orm/doctrine-mapping.xsd">
  <entity name="AppBundle\Entity\ResolucionArticuladaConSancion">
    <field name="textoArticulado" type="text" column="textoArticulado">
    </field>
    <field name="numeroSancion" type="string" column="numeroSancion">
    </field>
    <many-to-one field="tipoResolucion" target-entity="TipoProyecto">
    	<join-column name="idTipoResolucion" referenced-column-name="idTipoProyecto"/>
    </many-to-one>
    <one-to-one field="notificacion" target-entity="Notificacion">
    	<join-column name="idNotificacion" referenced-column-name="idMovimiento"/>
    </one-to-one>
    
  </entity>  
</doctrine-mapping>
