<?xml version="1.0" encoding="utf-8"?>
<doctrine-mapping xmlns="http://doctrine-project.org/schemas/orm/doctrine-mapping" xmlns:xsi="http://www.w3.org/2001/XMLSchema-instance" xsi:schemaLocation="http://doctrine-project.org/schemas/orm/doctrine-mapping http://doctrine-project.org/schemas/orm/doctrine-mapping.xsd">
  <entity name="AppBundle\Entity\TipoExpediente" table="tipoExpediente">
    <id name="id" type="smallint" column="idTipoExpediente">
      <generator strategy="IDENTITY"/>
    </id>
    <field name="tipoExpediente" type="string" column="tipoExpediente" length="45" nullable="false">
      <options>
        <option name="fixed"/>
      </options>
    </field>
    <field name="letra" type="string" column="letra" length="1" nullable="false">
      <options>
        <option name="fixed"/>
      </options>
    </field>
  </entity>
</doctrine-mapping>
