<?xml version="1.0" encoding="utf-8"?>
<doctrine-mapping xmlns="http://doctrine-project.org/schemas/orm/doctrine-mapping" xmlns:xsi="http://www.w3.org/2001/XMLSchema-instance" xsi:schemaLocation="http://doctrine-project.org/schemas/orm/doctrine-mapping http://doctrine-project.org/schemas/orm/doctrine-mapping.xsd">
  <entity name="AppBundle\Entity\TipoExpedienteSesion" table="tipoExpedienteSesion">
    <id name="id" type="integer" column="idTipoExpedienteSesion">
      <generator strategy="IDENTITY"/>
    </id>
    <field name="tipoExpedienteSesion" type="string" column="tipoExpedienteSesion" length="70" nullable="false">
      <options>
        <option name="fixed"/>
      </options>
    </field>
    <field name="letra" type="string" column="letra" length="2" nullable="false">
      <options>
        <option name="fixed"/>
      </options>
    </field>
  </entity>
</doctrine-mapping>
